"""http://localhost:8080#School-1295~18028""","""Give me all School  Weser.""","""select  ?o    {    <http://dbpedia.org/resource/Weser> <http://dbpedia.org/ontology/city>  ?o .   ?o <http://www.w3.org/1999/02/22-rdf-syntax-ns#type>  <http://dbpedia.org/ontology/City> .    }""","""http://dbpedia.org/resource/Bremen""","""Bremen""","""NPP""","""single"""
"""http://localhost:8080#School-1295~18029""","""List all the School  Weser.""","""select  ?o    {    <http://dbpedia.org/resource/Weser> <http://dbpedia.org/ontology/city>  ?o .   ?o <http://www.w3.org/1999/02/22-rdf-syntax-ns#type>  <http://dbpedia.org/ontology/City> .    }""","""http://dbpedia.org/resource/Bremen""","""Bremen""","""NPP""","""single"""
"""http://localhost:8080#School-1295~18030""","""show me all School  Weser.""","""select  ?o    {    <http://dbpedia.org/resource/Weser> <http://dbpedia.org/ontology/city>  ?o .   ?o <http://www.w3.org/1999/02/22-rdf-syntax-ns#type>  <http://dbpedia.org/ontology/City> .    }""","""http://dbpedia.org/resource/Bremen""","""Bremen""","""NPP""","""single"""
"""http://localhost:8080#School-1295~18031""","""What are the School  Weser?""","""select  ?o    {    <http://dbpedia.org/resource/Weser> <http://dbpedia.org/ontology/city>  ?o .   ?o <http://www.w3.org/1999/02/22-rdf-syntax-ns#type>  <http://dbpedia.org/ontology/City> .    }""","""http://dbpedia.org/resource/Bremen""","""Bremen""","""NPP""","""single"""
"""http://localhost:8080#School-1295~18032""","""What is the School  Weser?""","""select  ?o    {    <http://dbpedia.org/resource/Weser> <http://dbpedia.org/ontology/city>  ?o .   ?o <http://www.w3.org/1999/02/22-rdf-syntax-ns#type>  <http://dbpedia.org/ontology/City> .    }""","""http://dbpedia.org/resource/Bremen""","""Bremen""","""NPP""","""single"""
"""http://localhost:8080#School-1295~18033""","""What was the School  Weser?""","""select  ?o    {    <http://dbpedia.org/resource/Weser> <http://dbpedia.org/ontology/city>  ?o .   ?o <http://www.w3.org/1999/02/22-rdf-syntax-ns#type>  <http://dbpedia.org/ontology/City> .    }""","""http://dbpedia.org/resource/Bremen""","""Bremen""","""NPP""","""single"""
"""http://localhost:8080#School-1295~18034""","""What were the School  Weser?""","""select  ?o    {    <http://dbpedia.org/resource/Weser> <http://dbpedia.org/ontology/city>  ?o .   ?o <http://www.w3.org/1999/02/22-rdf-syntax-ns#type>  <http://dbpedia.org/ontology/City> .    }""","""http://dbpedia.org/resource/Bremen""","""Bremen""","""NPP""","""single"""
"""http://localhost:8080#School-1295~18035""","""which cities are the School  Weser?""","""select  ?o    {    <http://dbpedia.org/resource/Weser> <http://dbpedia.org/ontology/city>  ?o .   ?o <http://www.w3.org/1999/02/22-rdf-syntax-ns#type>  <http://dbpedia.org/ontology/City> .    }""","""http://dbpedia.org/resource/Bremen""","""Bremen""","""NPP""","""single"""
"""http://localhost:8080#School-1295~18036""","""which cities were the School  Weser?""","""select  ?o    {    <http://dbpedia.org/resource/Weser> <http://dbpedia.org/ontology/city>  ?o .   ?o <http://www.w3.org/1999/02/22-rdf-syntax-ns#type>  <http://dbpedia.org/ontology/City> .    }""","""http://dbpedia.org/resource/Bremen""","""Bremen""","""NPP""","""single"""
"""http://localhost:8080#School-1295~18037""","""which city is the School  Weser?""","""select  ?o    {    <http://dbpedia.org/resource/Weser> <http://dbpedia.org/ontology/city>  ?o .   ?o <http://www.w3.org/1999/02/22-rdf-syntax-ns#type>  <http://dbpedia.org/ontology/City> .    }""","""http://dbpedia.org/resource/Bremen""","""Bremen""","""NPP""","""single"""
"""http://localhost:8080#School-1295~18038""","""which city was the School  Weser?""","""select  ?o    {    <http://dbpedia.org/resource/Weser> <http://dbpedia.org/ontology/city>  ?o .   ?o <http://www.w3.org/1999/02/22-rdf-syntax-ns#type>  <http://dbpedia.org/ontology/City> .    }""","""http://dbpedia.org/resource/Bremen""","""Bremen""","""NPP""","""single"""
"""http://localhost:8080#School-1295~18039""","""Give me all School  Weser.""","""select  ?o    {    <http://dbpedia.org/resource/Weser> <http://dbpedia.org/ontology/city>  ?o .   ?o <http://www.w3.org/1999/02/22-rdf-syntax-ns#type>  <http://dbpedia.org/ontology/City> .    }""","""http://dbpedia.org/resource/Bremerhaven""","""Bremerhaven""","""NPP""","""single"""
"""http://localhost:8080#School-1295~18040""","""List all the School  Weser.""","""select  ?o    {    <http://dbpedia.org/resource/Weser> <http://dbpedia.org/ontology/city>  ?o .   ?o <http://www.w3.org/1999/02/22-rdf-syntax-ns#type>  <http://dbpedia.org/ontology/City> .    }""","""http://dbpedia.org/resource/Bremerhaven""","""Bremerhaven""","""NPP""","""single"""
"""http://localhost:8080#School-1295~18041""","""show me all School  Weser.""","""select  ?o    {    <http://dbpedia.org/resource/Weser> <http://dbpedia.org/ontology/city>  ?o .   ?o <http://www.w3.org/1999/02/22-rdf-syntax-ns#type>  <http://dbpedia.org/ontology/City> .    }""","""http://dbpedia.org/resource/Bremerhaven""","""Bremerhaven""","""NPP""","""single"""
"""http://localhost:8080#School-1295~18042""","""What are the School  Weser?""","""select  ?o    {    <http://dbpedia.org/resource/Weser> <http://dbpedia.org/ontology/city>  ?o .   ?o <http://www.w3.org/1999/02/22-rdf-syntax-ns#type>  <http://dbpedia.org/ontology/City> .    }""","""http://dbpedia.org/resource/Bremerhaven""","""Bremerhaven""","""NPP""","""single"""
"""http://localhost:8080#School-1295~18043""","""What is the School  Weser?""","""select  ?o    {    <http://dbpedia.org/resource/Weser> <http://dbpedia.org/ontology/city>  ?o .   ?o <http://www.w3.org/1999/02/22-rdf-syntax-ns#type>  <http://dbpedia.org/ontology/City> .    }""","""http://dbpedia.org/resource/Bremerhaven""","""Bremerhaven""","""NPP""","""single"""
"""http://localhost:8080#School-1295~18044""","""What was the School  Weser?""","""select  ?o    {    <http://dbpedia.org/resource/Weser> <http://dbpedia.org/ontology/city>  ?o .   ?o <http://www.w3.org/1999/02/22-rdf-syntax-ns#type>  <http://dbpedia.org/ontology/City> .    }""","""http://dbpedia.org/resource/Bremerhaven""","""Bremerhaven""","""NPP""","""single"""
"""http://localhost:8080#School-1295~18045""","""What were the School  Weser?""","""select  ?o    {    <http://dbpedia.org/resource/Weser> <http://dbpedia.org/ontology/city>  ?o .   ?o <http://www.w3.org/1999/02/22-rdf-syntax-ns#type>  <http://dbpedia.org/ontology/City> .    }""","""http://dbpedia.org/resource/Bremerhaven""","""Bremerhaven""","""NPP""","""single"""
"""http://localhost:8080#School-1295~18046""","""which cities are the School  Weser?""","""select  ?o    {    <http://dbpedia.org/resource/Weser> <http://dbpedia.org/ontology/city>  ?o .   ?o <http://www.w3.org/1999/02/22-rdf-syntax-ns#type>  <http://dbpedia.org/ontology/City> .    }""","""http://dbpedia.org/resource/Bremerhaven""","""Bremerhaven""","""NPP""","""single"""
"""http://localhost:8080#School-1295~18047""","""which cities were the School  Weser?""","""select  ?o    {    <http://dbpedia.org/resource/Weser> <http://dbpedia.org/ontology/city>  ?o .   ?o <http://www.w3.org/1999/02/22-rdf-syntax-ns#type>  <http://dbpedia.org/ontology/City> .    }""","""http://dbpedia.org/resource/Bremerhaven""","""Bremerhaven""","""NPP""","""single"""
"""http://localhost:8080#School-1295~18048""","""which city is the School  Weser?""","""select  ?o    {    <http://dbpedia.org/resource/Weser> <http://dbpedia.org/ontology/city>  ?o .   ?o <http://www.w3.org/1999/02/22-rdf-syntax-ns#type>  <http://dbpedia.org/ontology/City> .    }""","""http://dbpedia.org/resource/Bremerhaven""","""Bremerhaven""","""NPP""","""single"""
"""http://localhost:8080#School-1295~18049""","""which city was the School  Weser?""","""select  ?o    {    <http://dbpedia.org/resource/Weser> <http://dbpedia.org/ontology/city>  ?o .   ?o <http://www.w3.org/1999/02/22-rdf-syntax-ns#type>  <http://dbpedia.org/ontology/City> .    }""","""http://dbpedia.org/resource/Bremerhaven""","""Bremerhaven""","""NPP""","""single"""
"""http://localhost:8080#School-1295~18050""","""Give me all School  Weser.""","""select  ?o    {    <http://dbpedia.org/resource/Weser> <http://dbpedia.org/ontology/city>  ?o .   ?o <http://www.w3.org/1999/02/22-rdf-syntax-ns#type>  <http://dbpedia.org/ontology/City> .    }""","""http://dbpedia.org/resource/Fulda_(river)""","""Fulda (river)""","""NPP""","""single"""
"""http://localhost:8080#School-1295~18051""","""List all the School  Weser.""","""select  ?o    {    <http://dbpedia.org/resource/Weser> <http://dbpedia.org/ontology/city>  ?o .   ?o <http://www.w3.org/1999/02/22-rdf-syntax-ns#type>  <http://dbpedia.org/ontology/City> .    }""","""http://dbpedia.org/resource/Fulda_(river)""","""Fulda (river)""","""NPP""","""single"""
"""http://localhost:8080#School-1295~18052""","""show me all School  Weser.""","""select  ?o    {    <http://dbpedia.org/resource/Weser> <http://dbpedia.org/ontology/city>  ?o .   ?o <http://www.w3.org/1999/02/22-rdf-syntax-ns#type>  <http://dbpedia.org/ontology/City> .    }""","""http://dbpedia.org/resource/Fulda_(river)""","""Fulda (river)""","""NPP""","""single"""
"""http://localhost:8080#School-1295~18053""","""What are the School  Weser?""","""select  ?o    {    <http://dbpedia.org/resource/Weser> <http://dbpedia.org/ontology/city>  ?o .   ?o <http://www.w3.org/1999/02/22-rdf-syntax-ns#type>  <http://dbpedia.org/ontology/City> .    }""","""http://dbpedia.org/resource/Fulda_(river)""","""Fulda (river)""","""NPP""","""single"""
"""http://localhost:8080#School-1295~18054""","""What is the School  Weser?""","""select  ?o    {    <http://dbpedia.org/resource/Weser> <http://dbpedia.org/ontology/city>  ?o .   ?o <http://www.w3.org/1999/02/22-rdf-syntax-ns#type>  <http://dbpedia.org/ontology/City> .    }""","""http://dbpedia.org/resource/Fulda_(river)""","""Fulda (river)""","""NPP""","""single"""
"""http://localhost:8080#School-1295~18055""","""What was the School  Weser?""","""select  ?o    {    <http://dbpedia.org/resource/Weser> <http://dbpedia.org/ontology/city>  ?o .   ?o <http://www.w3.org/1999/02/22-rdf-syntax-ns#type>  <http://dbpedia.org/ontology/City> .    }""","""http://dbpedia.org/resource/Fulda_(river)""","""Fulda (river)""","""NPP""","""single"""
"""http://localhost:8080#School-1295~18056""","""What were the School  Weser?""","""select  ?o    {    <http://dbpedia.org/resource/Weser> <http://dbpedia.org/ontology/city>  ?o .   ?o <http://www.w3.org/1999/02/22-rdf-syntax-ns#type>  <http://dbpedia.org/ontology/City> .    }""","""http://dbpedia.org/resource/Fulda_(river)""","""Fulda (river)""","""NPP""","""single"""
"""http://localhost:8080#School-1295~18057""","""which cities are the School  Weser?""","""select  ?o    {    <http://dbpedia.org/resource/Weser> <http://dbpedia.org/ontology/city>  ?o .   ?o <http://www.w3.org/1999/02/22-rdf-syntax-ns#type>  <http://dbpedia.org/ontology/City> .    }""","""http://dbpedia.org/resource/Fulda_(river)""","""Fulda (river)""","""NPP""","""single"""
"""http://localhost:8080#School-1295~18058""","""which cities were the School  Weser?""","""select  ?o    {    <http://dbpedia.org/resource/Weser> <http://dbpedia.org/ontology/city>  ?o .   ?o <http://www.w3.org/1999/02/22-rdf-syntax-ns#type>  <http://dbpedia.org/ontology/City> .    }""","""http://dbpedia.org/resource/Fulda_(river)""","""Fulda (river)""","""NPP""","""single"""
"""http://localhost:8080#School-1295~18059""","""which city is the School  Weser?""","""select  ?o    {    <http://dbpedia.org/resource/Weser> <http://dbpedia.org/ontology/city>  ?o .   ?o <http://www.w3.org/1999/02/22-rdf-syntax-ns#type>  <http://dbpedia.org/ontology/City> .    }""","""http://dbpedia.org/resource/Fulda_(river)""","""Fulda (river)""","""NPP""","""single"""
"""http://localhost:8080#School-1295~18060""","""which city was the School  Weser?""","""select  ?o    {    <http://dbpedia.org/resource/Weser> <http://dbpedia.org/ontology/city>  ?o .   ?o <http://www.w3.org/1999/02/22-rdf-syntax-ns#type>  <http://dbpedia.org/ontology/City> .    }""","""http://dbpedia.org/resource/Fulda_(river)""","""Fulda (river)""","""NPP""","""single"""
"""http://localhost:8080#School-1295~18061""","""Give me all School  Weser.""","""select  ?o    {    <http://dbpedia.org/resource/Weser> <http://dbpedia.org/ontology/city>  ?o .   ?o <http://www.w3.org/1999/02/22-rdf-syntax-ns#type>  <http://dbpedia.org/ontology/City> .    }""","""http://dbpedia.org/resource/Hamelin""","""Hamelin""","""NPP""","""single"""
"""http://localhost:8080#School-1295~18062""","""List all the School  Weser.""","""select  ?o    {    <http://dbpedia.org/resource/Weser> <http://dbpedia.org/ontology/city>  ?o .   ?o <http://www.w3.org/1999/02/22-rdf-syntax-ns#type>  <http://dbpedia.org/ontology/City> .    }""","""http://dbpedia.org/resource/Hamelin""","""Hamelin""","""NPP""","""single"""
"""http://localhost:8080#School-1295~18063""","""show me all School  Weser.""","""select  ?o    {    <http://dbpedia.org/resource/Weser> <http://dbpedia.org/ontology/city>  ?o .   ?o <http://www.w3.org/1999/02/22-rdf-syntax-ns#type>  <http://dbpedia.org/ontology/City> .    }""","""http://dbpedia.org/resource/Hamelin""","""Hamelin""","""NPP""","""single"""
"""http://localhost:8080#School-1295~18064""","""What are the School  Weser?""","""select  ?o    {    <http://dbpedia.org/resource/Weser> <http://dbpedia.org/ontology/city>  ?o .   ?o <http://www.w3.org/1999/02/22-rdf-syntax-ns#type>  <http://dbpedia.org/ontology/City> .    }""","""http://dbpedia.org/resource/Hamelin""","""Hamelin""","""NPP""","""single"""
"""http://localhost:8080#School-1295~18065""","""What is the School  Weser?""","""select  ?o    {    <http://dbpedia.org/resource/Weser> <http://dbpedia.org/ontology/city>  ?o .   ?o <http://www.w3.org/1999/02/22-rdf-syntax-ns#type>  <http://dbpedia.org/ontology/City> .    }""","""http://dbpedia.org/resource/Hamelin""","""Hamelin""","""NPP""","""single"""
"""http://localhost:8080#School-1295~18066""","""What was the School  Weser?""","""select  ?o    {    <http://dbpedia.org/resource/Weser> <http://dbpedia.org/ontology/city>  ?o .   ?o <http://www.w3.org/1999/02/22-rdf-syntax-ns#type>  <http://dbpedia.org/ontology/City> .    }""","""http://dbpedia.org/resource/Hamelin""","""Hamelin""","""NPP""","""single"""
"""http://localhost:8080#School-1295~18067""","""What were the School  Weser?""","""select  ?o    {    <http://dbpedia.org/resource/Weser> <http://dbpedia.org/ontology/city>  ?o .   ?o <http://www.w3.org/1999/02/22-rdf-syntax-ns#type>  <http://dbpedia.org/ontology/City> .    }""","""http://dbpedia.org/resource/Hamelin""","""Hamelin""","""NPP""","""single"""
"""http://localhost:8080#School-1295~18068""","""which cities are the School  Weser?""","""select  ?o    {    <http://dbpedia.org/resource/Weser> <http://dbpedia.org/ontology/city>  ?o .   ?o <http://www.w3.org/1999/02/22-rdf-syntax-ns#type>  <http://dbpedia.org/ontology/City> .    }""","""http://dbpedia.org/resource/Hamelin""","""Hamelin""","""NPP""","""single"""
"""http://localhost:8080#School-1295~18069""","""which cities were the School  Weser?""","""select  ?o    {    <http://dbpedia.org/resource/Weser> <http://dbpedia.org/ontology/city>  ?o .   ?o <http://www.w3.org/1999/02/22-rdf-syntax-ns#type>  <http://dbpedia.org/ontology/City> .    }""","""http://dbpedia.org/resource/Hamelin""","""Hamelin""","""NPP""","""single"""
"""http://localhost:8080#School-1295~18070""","""which city is the School  Weser?""","""select  ?o    {    <http://dbpedia.org/resource/Weser> <http://dbpedia.org/ontology/city>  ?o .   ?o <http://www.w3.org/1999/02/22-rdf-syntax-ns#type>  <http://dbpedia.org/ontology/City> .    }""","""http://dbpedia.org/resource/Hamelin""","""Hamelin""","""NPP""","""single"""
"""http://localhost:8080#School-1295~18071""","""which city was the School  Weser?""","""select  ?o    {    <http://dbpedia.org/resource/Weser> <http://dbpedia.org/ontology/city>  ?o .   ?o <http://www.w3.org/1999/02/22-rdf-syntax-ns#type>  <http://dbpedia.org/ontology/City> .    }""","""http://dbpedia.org/resource/Hamelin""","""Hamelin""","""NPP""","""single"""
"""http://localhost:8080#School-1295~18072""","""Give me all School  Weser.""","""select  ?o    {    <http://dbpedia.org/resource/Weser> <http://dbpedia.org/ontology/city>  ?o .   ?o <http://www.w3.org/1999/02/22-rdf-syntax-ns#type>  <http://dbpedia.org/ontology/City> .    }""","""http://dbpedia.org/resource/Hann._M%C3%BCnden""","""null""","""NPP""","""single"""
"""http://localhost:8080#School-1295~18073""","""List all the School  Weser.""","""select  ?o    {    <http://dbpedia.org/resource/Weser> <http://dbpedia.org/ontology/city>  ?o .   ?o <http://www.w3.org/1999/02/22-rdf-syntax-ns#type>  <http://dbpedia.org/ontology/City> .    }""","""http://dbpedia.org/resource/Hann._M%C3%BCnden""","""null""","""NPP""","""single"""
"""http://localhost:8080#School-1295~18074""","""show me all School  Weser.""","""select  ?o    {    <http://dbpedia.org/resource/Weser> <http://dbpedia.org/ontology/city>  ?o .   ?o <http://www.w3.org/1999/02/22-rdf-syntax-ns#type>  <http://dbpedia.org/ontology/City> .    }""","""http://dbpedia.org/resource/Hann._M%C3%BCnden""","""null""","""NPP""","""single"""
"""http://localhost:8080#School-1295~18075""","""What are the School  Weser?""","""select  ?o    {    <http://dbpedia.org/resource/Weser> <http://dbpedia.org/ontology/city>  ?o .   ?o <http://www.w3.org/1999/02/22-rdf-syntax-ns#type>  <http://dbpedia.org/ontology/City> .    }""","""http://dbpedia.org/resource/Hann._M%C3%BCnden""","""null""","""NPP""","""single"""
"""http://localhost:8080#School-1295~18076""","""What is the School  Weser?""","""select  ?o    {    <http://dbpedia.org/resource/Weser> <http://dbpedia.org/ontology/city>  ?o .   ?o <http://www.w3.org/1999/02/22-rdf-syntax-ns#type>  <http://dbpedia.org/ontology/City> .    }""","""http://dbpedia.org/resource/Hann._M%C3%BCnden""","""null""","""NPP""","""single"""
"""http://localhost:8080#School-1295~18077""","""What was the School  Weser?""","""select  ?o    {    <http://dbpedia.org/resource/Weser> <http://dbpedia.org/ontology/city>  ?o .   ?o <http://www.w3.org/1999/02/22-rdf-syntax-ns#type>  <http://dbpedia.org/ontology/City> .    }""","""http://dbpedia.org/resource/Hann._M%C3%BCnden""","""null""","""NPP""","""single"""
"""http://localhost:8080#School-1295~18078""","""What were the School  Weser?""","""select  ?o    {    <http://dbpedia.org/resource/Weser> <http://dbpedia.org/ontology/city>  ?o .   ?o <http://www.w3.org/1999/02/22-rdf-syntax-ns#type>  <http://dbpedia.org/ontology/City> .    }""","""http://dbpedia.org/resource/Hann._M%C3%BCnden""","""null""","""NPP""","""single"""
"""http://localhost:8080#School-1295~18079""","""which cities are the School  Weser?""","""select  ?o    {    <http://dbpedia.org/resource/Weser> <http://dbpedia.org/ontology/city>  ?o .   ?o <http://www.w3.org/1999/02/22-rdf-syntax-ns#type>  <http://dbpedia.org/ontology/City> .    }""","""http://dbpedia.org/resource/Hann._M%C3%BCnden""","""null""","""NPP""","""single"""
"""http://localhost:8080#School-1295~18080""","""which cities were the School  Weser?""","""select  ?o    {    <http://dbpedia.org/resource/Weser> <http://dbpedia.org/ontology/city>  ?o .   ?o <http://www.w3.org/1999/02/22-rdf-syntax-ns#type>  <http://dbpedia.org/ontology/City> .    }""","""http://dbpedia.org/resource/Hann._M%C3%BCnden""","""null""","""NPP""","""single"""
"""http://localhost:8080#School-1295~18081""","""which city is the School  Weser?""","""select  ?o    {    <http://dbpedia.org/resource/Weser> <http://dbpedia.org/ontology/city>  ?o .   ?o <http://www.w3.org/1999/02/22-rdf-syntax-ns#type>  <http://dbpedia.org/ontology/City> .    }""","""http://dbpedia.org/resource/Hann._M%C3%BCnden""","""null""","""NPP""","""single"""
"""http://localhost:8080#School-1295~18082""","""which city was the School  Weser?""","""select  ?o    {    <http://dbpedia.org/resource/Weser> <http://dbpedia.org/ontology/city>  ?o .   ?o <http://www.w3.org/1999/02/22-rdf-syntax-ns#type>  <http://dbpedia.org/ontology/City> .    }""","""http://dbpedia.org/resource/Hann._M%C3%BCnden""","""null""","""NPP""","""single"""
"""http://localhost:8080#School-1295~18083""","""Give me all School  Weser.""","""select  ?o    {    <http://dbpedia.org/resource/Weser> <http://dbpedia.org/ontology/city>  ?o .   ?o <http://www.w3.org/1999/02/22-rdf-syntax-ns#type>  <http://dbpedia.org/ontology/City> .    }""","""http://dbpedia.org/resource/Kassel""","""Kassel""","""NPP""","""single"""
"""http://localhost:8080#School-1295~18084""","""List all the School  Weser.""","""select  ?o    {    <http://dbpedia.org/resource/Weser> <http://dbpedia.org/ontology/city>  ?o .   ?o <http://www.w3.org/1999/02/22-rdf-syntax-ns#type>  <http://dbpedia.org/ontology/City> .    }""","""http://dbpedia.org/resource/Kassel""","""Kassel""","""NPP""","""single"""
"""http://localhost:8080#School-1295~18085""","""show me all School  Weser.""","""select  ?o    {    <http://dbpedia.org/resource/Weser> <http://dbpedia.org/ontology/city>  ?o .   ?o <http://www.w3.org/1999/02/22-rdf-syntax-ns#type>  <http://dbpedia.org/ontology/City> .    }""","""http://dbpedia.org/resource/Kassel""","""Kassel""","""NPP""","""single"""
"""http://localhost:8080#School-1295~18086""","""What are the School  Weser?""","""select  ?o    {    <http://dbpedia.org/resource/Weser> <http://dbpedia.org/ontology/city>  ?o .   ?o <http://www.w3.org/1999/02/22-rdf-syntax-ns#type>  <http://dbpedia.org/ontology/City> .    }""","""http://dbpedia.org/resource/Kassel""","""Kassel""","""NPP""","""single"""
"""http://localhost:8080#School-1295~18087""","""What is the School  Weser?""","""select  ?o    {    <http://dbpedia.org/resource/Weser> <http://dbpedia.org/ontology/city>  ?o .   ?o <http://www.w3.org/1999/02/22-rdf-syntax-ns#type>  <http://dbpedia.org/ontology/City> .    }""","""http://dbpedia.org/resource/Kassel""","""Kassel""","""NPP""","""single"""
"""http://localhost:8080#School-1295~18088""","""What was the School  Weser?""","""select  ?o    {    <http://dbpedia.org/resource/Weser> <http://dbpedia.org/ontology/city>  ?o .   ?o <http://www.w3.org/1999/02/22-rdf-syntax-ns#type>  <http://dbpedia.org/ontology/City> .    }""","""http://dbpedia.org/resource/Kassel""","""Kassel""","""NPP""","""single"""
"""http://localhost:8080#School-1295~18089""","""What were the School  Weser?""","""select  ?o    {    <http://dbpedia.org/resource/Weser> <http://dbpedia.org/ontology/city>  ?o .   ?o <http://www.w3.org/1999/02/22-rdf-syntax-ns#type>  <http://dbpedia.org/ontology/City> .    }""","""http://dbpedia.org/resource/Kassel""","""Kassel""","""NPP""","""single"""
"""http://localhost:8080#School-1295~18090""","""which cities are the School  Weser?""","""select  ?o    {    <http://dbpedia.org/resource/Weser> <http://dbpedia.org/ontology/city>  ?o .   ?o <http://www.w3.org/1999/02/22-rdf-syntax-ns#type>  <http://dbpedia.org/ontology/City> .    }""","""http://dbpedia.org/resource/Kassel""","""Kassel""","""NPP""","""single"""
"""http://localhost:8080#School-1295~18091""","""which cities were the School  Weser?""","""select  ?o    {    <http://dbpedia.org/resource/Weser> <http://dbpedia.org/ontology/city>  ?o .   ?o <http://www.w3.org/1999/02/22-rdf-syntax-ns#type>  <http://dbpedia.org/ontology/City> .    }""","""http://dbpedia.org/resource/Kassel""","""Kassel""","""NPP""","""single"""
"""http://localhost:8080#School-1295~18092""","""which city is the School  Weser?""","""select  ?o    {    <http://dbpedia.org/resource/Weser> <http://dbpedia.org/ontology/city>  ?o .   ?o <http://www.w3.org/1999/02/22-rdf-syntax-ns#type>  <http://dbpedia.org/ontology/City> .    }""","""http://dbpedia.org/resource/Kassel""","""Kassel""","""NPP""","""single"""
"""http://localhost:8080#School-1295~18093""","""which city was the School  Weser?""","""select  ?o    {    <http://dbpedia.org/resource/Weser> <http://dbpedia.org/ontology/city>  ?o .   ?o <http://www.w3.org/1999/02/22-rdf-syntax-ns#type>  <http://dbpedia.org/ontology/City> .    }""","""http://dbpedia.org/resource/Kassel""","""Kassel""","""NPP""","""single"""
"""http://localhost:8080#School-1295~18094""","""Give me all School  Weser.""","""select  ?o    {    <http://dbpedia.org/resource/Weser> <http://dbpedia.org/ontology/city>  ?o .   ?o <http://www.w3.org/1999/02/22-rdf-syntax-ns#type>  <http://dbpedia.org/ontology/City> .    }""","""http://dbpedia.org/resource/Minden""","""Minden""","""NPP""","""single"""
"""http://localhost:8080#School-1295~18095""","""List all the School  Weser.""","""select  ?o    {    <http://dbpedia.org/resource/Weser> <http://dbpedia.org/ontology/city>  ?o .   ?o <http://www.w3.org/1999/02/22-rdf-syntax-ns#type>  <http://dbpedia.org/ontology/City> .    }""","""http://dbpedia.org/resource/Minden""","""Minden""","""NPP""","""single"""
"""http://localhost:8080#School-1295~18096""","""show me all School  Weser.""","""select  ?o    {    <http://dbpedia.org/resource/Weser> <http://dbpedia.org/ontology/city>  ?o .   ?o <http://www.w3.org/1999/02/22-rdf-syntax-ns#type>  <http://dbpedia.org/ontology/City> .    }""","""http://dbpedia.org/resource/Minden""","""Minden""","""NPP""","""single"""
"""http://localhost:8080#School-1295~18097""","""What are the School  Weser?""","""select  ?o    {    <http://dbpedia.org/resource/Weser> <http://dbpedia.org/ontology/city>  ?o .   ?o <http://www.w3.org/1999/02/22-rdf-syntax-ns#type>  <http://dbpedia.org/ontology/City> .    }""","""http://dbpedia.org/resource/Minden""","""Minden""","""NPP""","""single"""
"""http://localhost:8080#School-1295~18098""","""What is the School  Weser?""","""select  ?o    {    <http://dbpedia.org/resource/Weser> <http://dbpedia.org/ontology/city>  ?o .   ?o <http://www.w3.org/1999/02/22-rdf-syntax-ns#type>  <http://dbpedia.org/ontology/City> .    }""","""http://dbpedia.org/resource/Minden""","""Minden""","""NPP""","""single"""
"""http://localhost:8080#School-1295~18099""","""What was the School  Weser?""","""select  ?o    {    <http://dbpedia.org/resource/Weser> <http://dbpedia.org/ontology/city>  ?o .   ?o <http://www.w3.org/1999/02/22-rdf-syntax-ns#type>  <http://dbpedia.org/ontology/City> .    }""","""http://dbpedia.org/resource/Minden""","""Minden""","""NPP""","""single"""
"""http://localhost:8080#School-1295~18100""","""What were the School  Weser?""","""select  ?o    {    <http://dbpedia.org/resource/Weser> <http://dbpedia.org/ontology/city>  ?o .   ?o <http://www.w3.org/1999/02/22-rdf-syntax-ns#type>  <http://dbpedia.org/ontology/City> .    }""","""http://dbpedia.org/resource/Minden""","""Minden""","""NPP""","""single"""
"""http://localhost:8080#School-1295~18101""","""which cities are the School  Weser?""","""select  ?o    {    <http://dbpedia.org/resource/Weser> <http://dbpedia.org/ontology/city>  ?o .   ?o <http://www.w3.org/1999/02/22-rdf-syntax-ns#type>  <http://dbpedia.org/ontology/City> .    }""","""http://dbpedia.org/resource/Minden""","""Minden""","""NPP""","""single"""
"""http://localhost:8080#School-1295~18102""","""which cities were the School  Weser?""","""select  ?o    {    <http://dbpedia.org/resource/Weser> <http://dbpedia.org/ontology/city>  ?o .   ?o <http://www.w3.org/1999/02/22-rdf-syntax-ns#type>  <http://dbpedia.org/ontology/City> .    }""","""http://dbpedia.org/resource/Minden""","""Minden""","""NPP""","""single"""
"""http://localhost:8080#School-1295~18103""","""which city is the School  Weser?""","""select  ?o    {    <http://dbpedia.org/resource/Weser> <http://dbpedia.org/ontology/city>  ?o .   ?o <http://www.w3.org/1999/02/22-rdf-syntax-ns#type>  <http://dbpedia.org/ontology/City> .    }""","""http://dbpedia.org/resource/Minden""","""Minden""","""NPP""","""single"""
"""http://localhost:8080#School-1295~18104""","""which city was the School  Weser?""","""select  ?o    {    <http://dbpedia.org/resource/Weser> <http://dbpedia.org/ontology/city>  ?o .   ?o <http://www.w3.org/1999/02/22-rdf-syntax-ns#type>  <http://dbpedia.org/ontology/City> .    }""","""http://dbpedia.org/resource/Minden""","""Minden""","""NPP""","""single"""
"""http://localhost:8080#School-1295~18106""","""Bremen is the School  which river?""","""select  ?s    {   ?s <http://dbpedia.org/ontology/city>  <http://dbpedia.org/resource/Bremen> .    }""","""http://dbpedia.org/resource/Weser""","""Weser""","""NPP""","""single"""
"""http://localhost:8080#School-1295~18107""","""Bremen was the School  which river?""","""select  ?s    {   ?s <http://dbpedia.org/ontology/city>  <http://dbpedia.org/resource/Bremen> .    }""","""http://dbpedia.org/resource/Weser""","""Weser""","""NPP""","""single"""
"""http://localhost:8080#School-1295~18108""","""Bremerhaven is the School  which river?""","""select  ?s    {   ?s <http://dbpedia.org/ontology/city>  <http://dbpedia.org/resource/Bremerhaven> .    }""","""http://dbpedia.org/resource/Weser""","""Weser""","""NPP""","""single"""
"""http://localhost:8080#School-1295~18109""","""Bremerhaven was the School  which river?""","""select  ?s    {   ?s <http://dbpedia.org/ontology/city>  <http://dbpedia.org/resource/Bremerhaven> .    }""","""http://dbpedia.org/resource/Weser""","""Weser""","""NPP""","""single"""
"""http://localhost:8080#School-1295~18110""","""Fulda river is the School  which river?""","""select  ?s    {   ?s <http://dbpedia.org/ontology/city>  <http://dbpedia.org/resource/Fulda_(river)> .    }""","""http://dbpedia.org/resource/Weser""","""Weser""","""NPP""","""single"""
"""http://localhost:8080#School-1295~18111""","""Fulda river was the School  which river?""","""select  ?s    {   ?s <http://dbpedia.org/ontology/city>  <http://dbpedia.org/resource/Fulda_(river)> .    }""","""http://dbpedia.org/resource/Weser""","""Weser""","""NPP""","""single"""
"""http://localhost:8080#School-1295~18112""","""Hamelin is the School  which river?""","""select  ?s    {   ?s <http://dbpedia.org/ontology/city>  <http://dbpedia.org/resource/Hamelin> .    }""","""http://dbpedia.org/resource/Weser""","""Weser""","""NPP""","""single"""
"""http://localhost:8080#School-1295~18113""","""Hamelin was the School  which river?""","""select  ?s    {   ?s <http://dbpedia.org/ontology/city>  <http://dbpedia.org/resource/Hamelin> .    }""","""http://dbpedia.org/resource/Weser""","""Weser""","""NPP""","""single"""
"""http://localhost:8080#School-1295~18114""","""null is the School  which river?""","""select  ?s    {   ?s <http://dbpedia.org/ontology/city>  <http://dbpedia.org/resource/Hann._M%C3%BCnden> .    }""","""http://dbpedia.org/resource/Weser""","""Weser""","""NPP""","""single"""
"""http://localhost:8080#School-1295~18115""","""null was the School  which river?""","""select  ?s    {   ?s <http://dbpedia.org/ontology/city>  <http://dbpedia.org/resource/Hann._M%C3%BCnden> .    }""","""http://dbpedia.org/resource/Weser""","""Weser""","""NPP""","""single"""
"""http://localhost:8080#School-1295~18116""","""Kassel is the School  which river?""","""select  ?s    {   ?s <http://dbpedia.org/ontology/city>  <http://dbpedia.org/resource/Kassel> .    }""","""http://dbpedia.org/resource/Weser""","""Weser""","""NPP""","""single"""
"""http://localhost:8080#School-1295~18117""","""Kassel was the School  which river?""","""select  ?s    {   ?s <http://dbpedia.org/ontology/city>  <http://dbpedia.org/resource/Kassel> .    }""","""http://dbpedia.org/resource/Weser""","""Weser""","""NPP""","""single"""
"""http://localhost:8080#School-1295~18118""","""Minden is the School  which river?""","""select  ?s    {   ?s <http://dbpedia.org/ontology/city>  <http://dbpedia.org/resource/Minden> .    }""","""http://dbpedia.org/resource/Weser""","""Weser""","""NPP""","""single"""
"""http://localhost:8080#School-1295~18119""","""Minden was the School  which river?""","""select  ?s    {   ?s <http://dbpedia.org/ontology/city>  <http://dbpedia.org/resource/Minden> .    }""","""http://dbpedia.org/resource/Weser""","""Weser""","""NPP""","""single"""
"""http://localhost:8080#School-1295~18121""","""How many School does Weser have?""","""select (COUNT(DISTINCT ?objOfProp) as ?c) WHERE    {    <http://dbpedia.org/resource/Weser> <http://dbpedia.org/ontology/city>  ?objOfProp .    }""","""http://dbpedia.org/resource/Bremen""","""Bremen""","""NPP""","""single"""
"""http://localhost:8080#School-1295~18122""","""How many School does Weser have?""","""select (COUNT(DISTINCT ?objOfProp) as ?c) WHERE    {    <http://dbpedia.org/resource/Weser> <http://dbpedia.org/ontology/city>  ?objOfProp .    }""","""http://dbpedia.org/resource/Bremerhaven""","""Bremerhaven""","""NPP""","""single"""
"""http://localhost:8080#School-1295~18123""","""How many School does Weser have?""","""select (COUNT(DISTINCT ?objOfProp) as ?c) WHERE    {    <http://dbpedia.org/resource/Weser> <http://dbpedia.org/ontology/city>  ?objOfProp .    }""","""http://dbpedia.org/resource/Fulda_(river)""","""Fulda (river)""","""NPP""","""single"""
"""http://localhost:8080#School-1295~18124""","""How many School does Weser have?""","""select (COUNT(DISTINCT ?objOfProp) as ?c) WHERE    {    <http://dbpedia.org/resource/Weser> <http://dbpedia.org/ontology/city>  ?objOfProp .    }""","""http://dbpedia.org/resource/Hamelin""","""Hamelin""","""NPP""","""single"""
"""http://localhost:8080#School-1295~18125""","""How many School does Weser have?""","""select (COUNT(DISTINCT ?objOfProp) as ?c) WHERE    {    <http://dbpedia.org/resource/Weser> <http://dbpedia.org/ontology/city>  ?objOfProp .    }""","""http://dbpedia.org/resource/Hann._M%C3%BCnden""","""null""","""NPP""","""single"""
"""http://localhost:8080#School-1295~18126""","""How many School does Weser have?""","""select (COUNT(DISTINCT ?objOfProp) as ?c) WHERE    {    <http://dbpedia.org/resource/Weser> <http://dbpedia.org/ontology/city>  ?objOfProp .    }""","""http://dbpedia.org/resource/Kassel""","""Kassel""","""NPP""","""single"""
"""http://localhost:8080#School-1295~18127""","""How many School does Weser have?""","""select (COUNT(DISTINCT ?objOfProp) as ?c) WHERE    {    <http://dbpedia.org/resource/Weser> <http://dbpedia.org/ontology/city>  ?objOfProp .    }""","""http://dbpedia.org/resource/Minden""","""Minden""","""NPP""","""single"""
"""http://localhost:8080#School-1295~18129""","""the School  Weser?""","""select  ?o    {    <http://dbpedia.org/resource/Weser> <http://dbpedia.org/ontology/city>  ?o .   ?o <http://www.w3.org/1999/02/22-rdf-syntax-ns#type>  <http://dbpedia.org/ontology/City> .    }""","""http://dbpedia.org/resource/Bremen""","""Bremen""","""NPP""","""single"""
"""http://localhost:8080#School-1295~18130""","""the School  Weser?""","""select  ?o    {    <http://dbpedia.org/resource/Weser> <http://dbpedia.org/ontology/city>  ?o .   ?o <http://www.w3.org/1999/02/22-rdf-syntax-ns#type>  <http://dbpedia.org/ontology/City> .    }""","""http://dbpedia.org/resource/Bremerhaven""","""Bremerhaven""","""NPP""","""single"""
"""http://localhost:8080#School-1295~18131""","""the School  Weser?""","""select  ?o    {    <http://dbpedia.org/resource/Weser> <http://dbpedia.org/ontology/city>  ?o .   ?o <http://www.w3.org/1999/02/22-rdf-syntax-ns#type>  <http://dbpedia.org/ontology/City> .    }""","""http://dbpedia.org/resource/Fulda_(river)""","""Fulda (river)""","""NPP""","""single"""
"""http://localhost:8080#School-1295~18132""","""the School  Weser?""","""select  ?o    {    <http://dbpedia.org/resource/Weser> <http://dbpedia.org/ontology/city>  ?o .   ?o <http://www.w3.org/1999/02/22-rdf-syntax-ns#type>  <http://dbpedia.org/ontology/City> .    }""","""http://dbpedia.org/resource/Hamelin""","""Hamelin""","""NPP""","""single"""
"""http://localhost:8080#School-1295~18133""","""the School  Weser?""","""select  ?o    {    <http://dbpedia.org/resource/Weser> <http://dbpedia.org/ontology/city>  ?o .   ?o <http://www.w3.org/1999/02/22-rdf-syntax-ns#type>  <http://dbpedia.org/ontology/City> .    }""","""http://dbpedia.org/resource/Hann._M%C3%BCnden""","""null""","""NPP""","""single"""
"""http://localhost:8080#School-1295~18134""","""the School  Weser?""","""select  ?o    {    <http://dbpedia.org/resource/Weser> <http://dbpedia.org/ontology/city>  ?o .   ?o <http://www.w3.org/1999/02/22-rdf-syntax-ns#type>  <http://dbpedia.org/ontology/City> .    }""","""http://dbpedia.org/resource/Kassel""","""Kassel""","""NPP""","""single"""
"""http://localhost:8080#School-1295~18135""","""the School  Weser?""","""select  ?o    {    <http://dbpedia.org/resource/Weser> <http://dbpedia.org/ontology/city>  ?o .   ?o <http://www.w3.org/1999/02/22-rdf-syntax-ns#type>  <http://dbpedia.org/ontology/City> .    }""","""http://dbpedia.org/resource/Minden""","""Minden""","""NPP""","""single"""
